mmsi,trip,trip_len_h,tptrans_ade,tptrans_fde,tptrans_ade_1h_km,tptrans_fde_1h_km,tptrans_ade_2h_km,tptrans_fde_2h_km,tptrans_ade_3h_km,tptrans_fde_3h_km,traisformer_ade,traisformer_fde,traisformer_ade_1h_km,traisformer_fde_1h_km,traisformer_ade_2h_km,traisformer_fde_2h_km,traisformer_ade_3h_km,traisformer_fde_3h_km,kalman_ade,kalman_fde,kalman_ade_1h_km,kalman_fde_1h_km,kalman_ade_2h_km,kalman_fde_2h_km,kalman_ade_3h_km,kalman_fde_3h_km
205011000,0,2.5,8.817863308153791,22.972818741182166,2.543190702920592,6.007087615206638,6.376903441385022,16.420832376395047,,,6.531931301366379,19.89952644227351,1.0275934408327962,2.760452369960683,4.199468089508085,14.273179528152234,,,5.355073946346523,16.460581714760448,0.5815621763423606,1.5050341497118929,3.346594925995602,12.109268260297469,,
205011000,1,4.42,22.714347637448284,60.254409382422054,1.123815217725411,1.3741923557703712,4.793867095473795,17.06461403669363,11.828008960362988,34.109033978612544,32.24209612482006,94.42117412579077,1.411080180368362,2.502686101835282,5.54696800835818,19.09073924503673,14.652912356686304,48.00415407353746,4.018814052429956,13.58325239077897,1.2842589093388825,3.4532412240750663,,,,
205011000,2,1.33,0.8144518450120369,0.71617734610675,0.8583390067785585,0.5034919840185881,,,,,2.550594664162399,6.286434032208528,1.9949954963607495,4.06288956247918,,,,,1.957755481654273,5.750170715014381,1.2321293935264033,3.8153618985514006,,,,
205011000,3,2.0,0.9395119670706128,1.928927088242761,0.7899808200691674,0.9492884409842536,,,,,1.1054294090062189,0.6090954854809376,0.9563055760129741,1.4255305339702997,,,,,0.3883690263971058,1.4918516538268725,,,,,,
205465000,0,2.33,1.2729340372077194,4.1405991650849785,0.4030341729005799,0.9251636903916735,0.9752808787915209,2.9604591607131368,,,2.2573897155291154,6.738185534860348,0.5924185300013385,0.6924923490499442,1.7441031438105314,6.0399602661035585,,,1.9182137316865358,6.726594352621975,0.18745476855947588,0.7162842689579338,1.4037776626214853,5.139405996151089,,
205465000,1,2.75,0.6805709324213088,1.5555130007042666,0.2520478678479366,0.38632717496515884,0.4392907518195944,1.2258575859852798,,,1.7819518179846732,0.8556605170641158,1.5545482085581435,2.4796801589882036,2.116755812191549,0.7323269708195504,,,6.2871349493747175,12.377542195959549,0.7519372350403091,1.9805551253542149,4.326940099790388,12.474000401575093,,
205770000,0,3.92,19.42396044594198,54.724188393205075,1.7022165254050448,2.3296792864188345,4.5349127056194085,14.671068303226837,11.809876521935545,37.68016022150578,2.8856859275080002,6.576979901067409,2.6449477205921874,2.9078293708156515,2.4036433934298325,2.824606824022301,2.5684213417955095,3.9516346106602955,3.457867786202742,10.911806475349106,2.036220342422094,2.928044574263763,,,,
205770000,1,1.67,2.0564144986534094,2.840786162145783,1.6890074293880324,2.9190139310871257,,,,,1.2008137880440655,2.6154443964825016,0.8236956995426804,1.719939696829513,,,,,2.4992648687331758,4.859715675537784,1.6809418812905395,3.2280617328973586,,,,
205770000,2,4.42,5.619860550508876,23.338309729454036,0.7197729139737221,1.108530490884234,1.8559534285788073,3.0624171214057605,2.385101984168545,3.693515174595513,4.694096354528926,7.342870110811159,1.376903571130645,1.4019382729991139,2.272249469467471,4.36886056754686,3.494659641284804,7.26751716961356,16.776918132026815,51.0485230699213,0.6795677240602268,1.4549521292455745,2.253630623103758,8.997640055814696,7.1806760742874145,25.04812659030091
205770000,3,0.92,8.695869825745294,15.863449732703005,,,,,,,70.67207087320126,70.77352222607341,,,,,,,0.07377677405207093,0.0962688092820424,,,,,,
207138000,0,3.0,1.0746537052982628,1.7714494462198938,0.4770490643257065,0.7568247597322713,0.7916219494712231,1.538526850615972,,,0.9365603414001217,1.3731315498699366,0.8783148887744818,0.8056226383028253,0.8214784110131892,1.6988266694925211,,,0.8407600434857146,2.3670187505758866,0.3174728179521135,0.7869609249922566,0.7088729371647586,1.4920203824865106,,
207138000,1,4.42,3.569129764187724,13.885542931343348,1.9044220555324711,3.2002578569732854,2.2323344469094097,1.8648435495864448,1.8896352308707467,2.573989527845277,2.3834574519648615,5.951664560210053,0.8951534185363309,1.4566878281476738,1.6892004172539345,3.0256792889965656,1.9563034133737192,2.1526144657125443,4.190039084884776,15.700887473000792,0.9786723897375906,1.8054607148824737,2.0131793877928743,4.170513644879838,2.4013550774232,0.7131464334736648
207138000,2,4.42,2.0065550480013816,3.5756171746027805,0.5743046005443362,0.9845743045187036,1.0339661324717997,2.0700005720221046,1.5229017789504478,2.779406409946409,3.549051199600628,7.00436105830852,1.187497356973026,1.7753348786685605,1.8943934418948203,3.3247983926879807,2.5504586491408157,4.525474070637032,1.8571349463830082,3.9028788529585157,0.33075203347320986,0.8141524998752965,0.8201463212002228,1.92810326410893,1.309349643623696,2.5626853457251078
209531000,0,4.0,0.28667284431304924,0.5218037912554777,0.07338228806549672,0.13790540326704467,0.15286030199506206,0.3181132315741969,0.22781220212459918,0.4383229175860699,0.5617913304560787,0.5552056211990001,0.5777221604891557,0.5712041386142043,0.5697504089836589,0.5573236028683628,0.5642480402328881,0.5495707449237597,0.05868293974072707,0.10402186667689789,0.020187714303277836,0.03570374169500933,0.03421049533817316,0.06066847909695167,0.047420927845010695,0.08646123291432048
209531000,1,1.5,0.7838292168023453,1.541535987515843,0.565024882553348,1.0840108976366212,,,,,2.7032692766567186,4.778302347258744,1.948993879166274,3.8608186428020774,,,,,0.24292648356093427,0.681559858441429,0.12609213295482435,0.35377245461297757,,,,
209531000,2,4.42,12.542951506900339,36.96183308325942,0.5440265212143964,1.3360193382750634,2.5442262092487336,7.794766648486363,6.024600174481578,18.639096387314602,6.162660474087218,16.189277292425682,1.2678397573014446,2.225850481803811,2.3147559339792143,4.638071078296196,3.619071423910408,8.207720596986768,14.939203057912044,36.038558125789585,2.6290150775204943,5.775974350046027,5.831745876559805,12.314826812591429,9.218051073663997,20.41781752906125
209577000,0,0.92,2.4212029055686752,4.504184639426641,,,,,,,21.620472914747825,22.167641213922167,,,,,,,0.07752529891909744,0.2604305480468762,,,,,,
209577000,1,1.92,1.4828053977199616,2.324087987553348,1.048718746679961,1.6361539303527088,,,,,0.709267690039116,1.4836707722584213,0.5866389449867138,1.0331562472861224,,,,,1.5747018024948913,2.387847629722633,1.124929483476476,1.8157265029681602,,,,
209577000,2,4.42,0.5861881056169137,0.5585268999288702,0.67991686545662,0.2724402990258193,0.6178706056675024,0.556828828699686,0.598389491739151,0.5584665040759552,0.8153057159319307,0.8374084370427997,0.7472662086709433,0.8385125563701439,0.7910547424774442,0.8362087574716253,0.8060679620216096,0.8346768245300763,0.29172330775438754,0.46766390718507156,,,,,,
209577000,3,4.42,5.008913282883205,10.536787026539828,2.6161680667040836,4.357643723423381,3.346511627417348,4.559859527510215,3.8615186254872156,5.3598270402769135,0.6928081938642139,1.6943079099389335,0.3180190424895369,0.030329155779138812,0.4043447995896349,0.6558835519773087,0.5122880809890951,0.7704833585868864,7.058724469464923,18.980581589510123,0.34550797331579525,0.756323784765829,1.796544389196417,6.323609716934186,4.388780036011011,12.710881929521102
209577000,4,1.25,7.690226352549656,13.353959801969584,6.85968416681923,12.013037547016422,,,,,7.690226352549656,13.353959801969584,6.85968416681923,12.013037547016422,,,,,,,,,,,,
209577000,6,4.33,0.08350284850515234,0.08463321637085047,0.0789479647126854,0.08655131730249613,0.08197900584015505,0.08505691807180887,0.08298265115776578,0.08155233826083691,0.04998364094613634,0.04668688811447384,0.051477283320223804,0.05081564938488104,0.05075753354080512,0.04990912593338608,0.05051237908622519,0.04820345968102617,0.011482094546365035,0.02118440605834866,0.005131185092552434,0.006227071218774712,0.0064897352742349845,0.010020248915464157,0.008597081930209803,0.012049811285634678
209577000,7,4.42,0.4119379959886064,0.8053481948343476,0.10692915027586411,0.2001066117433585,0.19934206047216071,0.3827032948961902,0.28988404274957236,0.5598516818721022,0.6233414506751049,0.6134518018588906,0.6284199885116019,0.6300814224706943,0.6278541973238618,0.6242781993688228,0.6256833888411176,0.6205851689220423,0.055928635906805246,0.09901931832878437,0.01972733200860375,0.03371602547741404,0.03153748309952128,0.05284229142516238,0.04230109803202957,0.07727882058484312
209577000,8,2.25,13.47092331743798,26.126810373146448,6.581267221281337,12.229901879215898,12.49767903574146,24.219385107592053,,,13.470923317438519,26.126810373146938,6.581267221281872,12.229901879216433,12.497679035742001,24.21938510759256,,,,,,,,,,
209882000,0,2.92,2.212167674845009,3.741678793508773,0.7981850335685501,1.1392665830351287,1.6426853355937068,3.432897345602729,,,3.1390821797889767,5.157453167342367,1.2905015404206546,2.7718363522279064,2.4078006644335797,4.62604828492026,,,10.371674551804642,24.976521218440443,7.488736619235725,18.722542069750276,,,,
209882000,1,3.75,1.969350688505749,4.347919092274449,0.6319859745679174,1.1022488747287238,1.0750812411204933,2.059333533233086,1.5835151706448696,3.132473700404962,2.2415712914597923,3.3213537479733364,1.1729825783288177,2.030218258561431,1.4488153877467433,2.555299309479931,1.9193264094940632,3.7987690022584384,0.3615682394299661,0.2183674021146155,0.27211827756789103,0.06735013275383764,0.41033425545617064,0.5165008056104673,0.3927987621994757,0.3106476783193049
209955000,0,0.83,4.4610757434054715,7.745630617190299,,,,,,,4.461075743405308,7.745630617190301,,,,,,,,,,,,,,
209955000,1,2.08,6.345885259997472,17.665675978400095,1.145756636565009,3.3136289972807456,6.345885259997472,17.665675978400095,,,0.735645560809507,1.2753917484644821,0.694627909037054,0.5779120695268888,0.735645560809507,1.2753917484644821,,,9.565451414304993,19.714071239053627,8.78478835086279,18.602689258127768,,,,
209955000,2,2.58,0.6529235493703477,1.0952387505269625,0.3564194528842748,0.5855607737218522,0.5622401511302881,0.7829968097663376,,,2.173563511670236,3.3142340078088828,1.069357654485382,2.394782109472574,1.9916955904393259,3.448796326049113,,,0.48076591260000623,0.5465666155722777,0.1432176434053477,0.49930028810784116,0.5100943427738395,0.49520158677608067,,
209955000,3,3.08,8.263997446192667,31.86432282920255,0.3816086413769877,0.6736418084802381,1.805711815179256,9.171696337208513,8.263997446192667,31.86432282920255,1.6999663739766349,1.0946518172637694,1.5465743466976152,1.8991537563775787,1.7727636716869912,1.8035814075928853,1.6999663739766349,1.0946518172637694,2.3886923808108804,4.628875633128327,2.2163705921710766,4.2579325591534944,,,,
209955000,4,4.42,4.84731656119372,11.03633498721163,0.5850656836331405,1.2829362257741783,1.6541569474626794,4.153556711571386,2.975689156791029,7.060091070127602,1.5645135205348768,3.005431039550699,0.9594686600351884,0.9063630927283206,0.875008394905791,1.40876553941804,1.0601085395642507,1.9462247785938644,1.607763648604683,3.078702832011003,0.5987336917424314,0.898667714482863,0.8285084238886259,1.2421302850189777,1.1519491308159282,2.206792757416157
209955000,5,3.17,12.691692906375327,25.292682551418995,3.124598852356353,7.54578264595731,7.832474732997797,17.590424199275812,12.351125618671443,24.7387770349414,12.403832642915996,24.978542910283092,3.180165048183029,7.271973357758204,7.660851076734942,17.144948234674622,12.063975608662831,24.165219303606072,11.205499214973434,22.410272329574017,2.5667256783449384,6.57106622299783,6.83356940501652,15.697722179961566,10.902667509173419,21.931731223119215
210185000,0,3.17,0.8685033567755196,5.201484714809548,0.2611359202278921,0.5211829746466118,0.5232576240968103,0.8641418100391896,0.7513957525043298,3.686656997296271,0.895054216872585,6.0645844796597785,0.5926693320429569,0.03566858769971946,0.5377338261974135,0.7392490651589771,0.7553371827432014,4.5768875074673625,0.8426952879960029,6.7186821731181,0.2945252619392134,0.256921587039545,0.33627221976454036,0.6288731460368625,0.6838848316413517,4.804651700581924
210185000,1,4.42,10.934855397860382,37.365075234796784,5.284935279911513,7.307058755099478,6.293232729615365,9.022865362455098,6.9804794020768695,7.779777508546821,5.589898457281021,3.3805840595622425,3.9974567852975227,5.444690925652378,4.582439483758249,7.315809642717539,5.470666758002664,8.022834108102982,12.504974895730907,33.03095797408086,5.976553958401448,8.595668689844727,7.409208591684457,11.022021321207657,9.147468691291845,14.180336771224816
210935000,0,3.83,22.41515810728883,55.71103562250266,1.2679149694921206,3.7465572113872696,7.421763058643178,22.614198677961756,15.718547789839805,41.48414828062315,1.3754382977825934,0.23770872629255213,1.0172626378198009,1.483204425841777,1.124800907865831,1.7327975492527166,1.4494672506367245,1.983229672120025,20.19670030217917,54.4189222676845,2.6156686612719215,7.209447722009592,7.5671026245464486,17.923976995308365,13.914792354823753,34.72517742627502
211839040,3,2.08,2.323200016073889,5.988117973715677,0.5441091230935602,1.3882880992876563,2.323200016073889,5.988117973715677,,,0.6724715868505542,0.5418362445915904,0.697699970624191,0.4534900381838396,0.6724715868505542,0.5418362445915904,,,3.907131490651332,8.481188749906035,1.7190568559583999,3.723498882593538,3.907131490651332,8.481188749906035,,
211839040,4,1.67,1.9372526433598587,6.845258301395351,1.1481373351936421,0.8210086917673195,,,,,5.1565346055378445,13.423735312780911,2.8791983341825906,5.77550927775604,,,,,10.968429350815748,24.014195260827897,6.602339660856624,13.163725490623449,,,,
211876190,1,3.0,1.0406786830355061,2.4023239069965583,0.544042623837514,0.8960284539024234,0.944830790649251,1.6111967690788287,,,2.2516144251714745,3.9892663365545435,1.1095606262449047,1.3508189601015308,1.651964180461531,2.641287934775053,,,1.2285776573440708,3.8187477124339324,0.27822154405160726,0.6294704613132579,0.7844534998338822,1.673967103756892,,
211876190,2,2.75,3.5584319488104277,6.097378446872852,1.9859223938184423,3.5047228222106996,2.9427630397153552,5.084278289279241,,,1.667284261624685,3.892511903460873,1.376842155770421,1.3400076614221226,1.429873300757063,1.3170984549879252,,,1.4284726428381507,3.7924375936239674,0.3115929295464238,0.7206224512850916,0.8377885764057461,2.637556245293116,,
211876190,3,2.92,1.2322874254675602,5.597261451282468,0.4020083731717345,0.4978329249265902,0.42686918365419885,0.7315866993205085,,,1.2457339042740012,1.2653358426128256,0.7755182279158789,1.582756725497598,1.0914132474691565,1.7977887755935118,,,1.2893421624291044,5.533374543954319,0.5015649522288282,0.9972678094482467,0.7089181470270566,0.642877609399128,,
212138000,0,2.58,2.7263495744433923,6.961230150919536,0.8282521129214643,1.1274898338923363,1.9069115457004253,4.984736041151601,,,3.2452695462360537,9.020793868910534,0.9637065571126471,0.353676615582678,2.2043993057821543,6.111668404669352,,,4.057169609644608,10.386152124299555,0.6593424199667604,2.1171265344233263,2.807523246627736,7.681951561213137,,
212138000,1,4.42,8.041383418370103,7.550052246409677,1.1387615507873794,2.136045097427988,5.311831544754499,13.864449046020878,7.55083867639259,10.770859719434954,6.257280436442395,4.4007084623638,0.6543080938617764,1.0253300643202383,4.401489259311618,11.568405113146703,6.15318083316272,7.971468386873624,7.956054498103734,10.065831423979537,0.5899217540006008,1.3310570039205403,4.765440471053685,13.511693774882733,7.045747193737376,10.630394480151557
212138000,2,4.0,8.594860376371988,27.734996941432133,1.037445435452804,0.446282195289524,2.0080538136969066,5.438296443271863,4.6408435278959095,15.067990274973866,2.081937473937983,7.663151521013395,0.8396205573468634,0.4760873137508794,1.0611370225425427,1.9165129438304573,1.2245942445760345,2.4009307546211294,18.949344900980382,43.01250560953943,3.199657849748381,7.967043358917575,8.317255475501929,18.73741491280101,13.573189756372875,30.220744184563564
212491000,0,4.25,5.790371601959508,27.480830661279313,0.3245961608014673,0.6275027687601747,0.6434983033362092,0.9345288759236678,1.2947844670046134,5.363987816627569,0.6991174844750022,1.2174840744592865,0.7732529485095174,0.9136548830645314,0.6646014053256181,0.696683569072501,0.6620828332960501,0.35263989358437503,6.037584012968857,20.40678614881904,0.3908198201768736,0.8495897825093991,0.8642634967838206,1.8002370236381013,2.8590651842369486,11.755850007222106
212491000,1,0.83,4.466344670757186,8.045356561375835,,,,,,,14.342951703735977,16.258767980564162,,,,,,,0.054870986046116885,0.06553685897651745,,,,,,
212491000,2,4.42,5.8001392507251355,25.62993829571388,0.09911324579677241,0.18123939302440345,0.15582397531566358,0.03937364509407294,0.9504809081484094,7.578757132524116,5.827749979186198,24.704492163300515,0.6687814853355889,0.6583953007784678,0.7329149714979302,1.1260717846762651,1.3828733889147502,6.757119478556619,5.8222656693127774,25.74578690226185,0.10694117832660802,0.17918402747646164,0.18697207761964404,0.526688972768997,0.9753283480383319,7.42527066155566
212491000,3,4.42,3.3622258621478283,7.47666269567532,2.203993329018782,1.944659607163953,2.14947033339364,2.8787007281439383,2.594131137619519,3.379708420676995,23.223702950929223,46.718578618280326,3.784403312627098,9.087156711894696,9.923585867710413,22.1058751813081,15.568275867999812,31.907741337054485,11.76418302339269,25.2502148860784,2.8783353237103433,7.763909777415734,8.305457633847148,19.0380436029996,,
212491000,6,1.75,0.0005127887127292299,0.0005378825739036061,0.0005906969653259031,0.0005159727146525833,,,,,0.0005127887124439454,0.000537882574255455,0.0005906969648952021,0.0005159727148669408,,,,,,,,,,,,
215035000,0,2.67,5.094527836785561,9.167677235930823,1.6417643150146475,4.888164302297221,3.913774945863923,8.268551092424115,,,7.884331785687942,15.03477656847121,3.299891688095659,7.27277668030275,6.233598174750718,12.590210625553393,,,7.516545716374029,17.329259588634592,2.3829632741191404,5.2202115158240465,5.564747441826145,12.273528978865354,,
215035000,2,4.42,14.157200023925965,24.177408325062547,1.4358550596492832,2.503933287334717,4.434196602447895,13.01408586493337,9.81523037295958,24.38522300064442,10.949814091554316,12.165275672820153,0.8074509246983285,1.4995774569932785,3.9185728303242033,13.278340190010896,8.86294131847447,20.556759270455224,14.881824328761216,21.084770999148798,2.1217584979308457,0.8187907380679238,5.218356048532862,15.916215593908014,11.183342225975531,26.445325951656585
215035000,3,4.42,1.6104084275923942,4.9274704023379865,0.2661387173624528,0.4298994160387678,0.3661701130369095,0.5911935192749367,0.7216562155516433,2.350163104252889,1.1567112133515036,2.9116071736031066,0.4547732415725335,0.3382382146137041,0.6390277038762594,0.8392053073329345,0.7229604500790948,1.5406866864583035,2.412612188916413,6.750464900938194,0.24185279571640894,0.4144146601316354,0.5066988352836913,1.3568683726564466,1.1881232927595453,3.701989326369331
215035000,4,1.25,2.903242249341649,5.145580086173647,2.5713587288600026,4.827903198148873,,,,,2.0042717583064626,1.7265955999170501,2.0412520425794556,1.9552296952263606,,,,,0.6800298884972332,2.059790169799652,0.48934998660012663,1.5306227096674418,,,,
215060000,0,1.0,3.8920329093456285,7.771622298195262,,,,,,,36.777323953063465,35.7538712785144,,,,,,,2.5278127246055866,5.663637404469246,,,,,,
215060000,1,4.42,1.8106500773223897,4.309955740083878,0.47142352586144237,0.7411368769688178,1.0444026015160255,2.0550909078953645,1.1746256972388534,1.259393552548967,4.215468740485967,16.10756837036533,0.6598531213082877,1.0062913985939277,0.7253248773963101,1.904918867863677,1.5179601302618133,3.9235810274692042,2.910246781018523,4.778193340180401,0.2506261934989747,0.40407701989752276,0.652214256215067,2.276335409353929,2.161619727660605,7.057910496327234
215060000,2,2.92,9.863959108215857,13.881854257701278,6.058095489306222,10.475000139380674,8.63697151001329,12.05700810302461,,,1.1720223155568075,1.6508845310224298,0.7075288571367948,0.9224654841348134,0.9948368744034605,1.5201738573811017,,,3.0504774299576294,6.003568188324422,1.2275052527679564,2.149104348706798,2.249631248979437,4.169925554681197,,
215060000,3,2.25,4.196021371488958,2.8770946910815898,2.32489105204714,4.916676811379567,4.274241530177385,4.288386792200471,,,5.962689453495564,7.850379397289414,2.4321007976435194,6.037167514018113,5.788966421081659,8.846842368994656,,,1.5700665563325817,3.3408223477846586,0.6849424156371259,1.920592831975872,1.4682684456158757,1.364670185856303,,
215060000,4,4.42,4.371044759648967,16.168364506856317,0.8439383326773128,1.4458240265080826,1.4493947011547967,2.4106801832398848,1.8828732069877254,3.853286139103526,0.8583904939574725,2.042950154011969,0.2535285210974385,0.23302973636418767,0.4438578672455481,0.9988048513282617,0.7327327956439446,1.4595141377650012,5.3272958544336575,23.9198225722732,0.5424691935301809,1.1747327417602393,1.2911134409978715,2.947043256117479,1.905867120320339,1.7055735655779536
215060000,5,4.42,3.2328163030362713,6.322077664765364,0.7487152339323871,1.4119113261190577,1.4318020351316136,2.907396146445567,2.1994827725035906,4.583966723119949,2.7007745789469544,4.92823894486662,1.1162960436304146,2.249121054989557,1.6872563421856084,2.335597649155026,2.07237686867129,3.4265963192225546,1.8797735127863586,4.607134586296437,0.4009305179649096,0.7130114219640065,0.6516745304640505,1.3136360477327156,1.103715464655549,2.8274985785972677
215116000,0,3.67,3.9216396398764974,14.699621449874744,1.266212491386925,0.6532391465388477,1.2462650557188366,2.1397443834240644,2.535923593654682,6.44822709939359,1.5546277103598292,7.664902170022225,0.9096778553506516,0.5363227485021731,0.9222178003550673,0.6327553505531693,0.8631920665061735,0.43562114868181795,7.151487893388151,16.398502425006523,2.566323767141667,6.816886141431146,7.151487893388151,16.398502425006523,,
215207000,0,2.25,4.581882598459599,10.973315829040674,1.295850510332269,3.598695018801678,4.0898945335350945,10.002204836277665,,,5.430405182836036,12.705034154377392,1.6203236373620438,4.016802007579415,4.861802356568083,12.04837028665834,,,5.125685685624814,12.398346975931329,1.268365363689855,4.1865490536686565,4.564889325340868,11.34341884702939,,
215207000,1,4.42,8.45872726383559,29.902693759919494,1.3124929396574072,1.5141927496844472,2.3939902014597045,4.820955750760416,4.71347392067176,10.970186082441204,2.326984039590256,4.921227464647276,1.6122204623139802,1.607680415923256,1.7030713994398545,1.8581701275447606,1.6320830992891266,2.1260718337163103,13.019906467460167,38.168836323337175,3.1424046096144624,3.8451659856200564,6.250698123603859,15.201156075722905,13.019906467460167,38.168836323337175
215207000,2,1.83,0.915793815330323,1.7751741236493177,0.5781358593153917,0.9336071270307286,,,,,0.6676192667033887,0.689084110252383,0.5683114937143816,0.3333824869174707,,,,,0.3444086715846455,0.5274412841925317,0.23654669988141339,0.49412580024234787,,,,
215207000,3,2.0,5.41907193347167,15.584565785941095,3.57835823831585,5.320528036298068,,,,,3.510603959070758,2.2365151148608327,2.5201161733848143,6.548847409820941,,,,,5.9577822605926585,6.974603154279733,2.106545765264901,7.569282782838573,,,,
215207000,4,4.42,10.157380738323884,32.40845003131868,1.6123125505675682,1.5771084825108006,2.223053374379971,4.957086399787183,4.630459573259478,13.405968956609977,15.990028913520042,45.148945426163195,0.8726424172655312,1.460977461734515,3.1592366887096266,10.770860701029864,7.9833691745614725,23.680548856622355,14.186875720402206,43.17546584077026,1.5165717248541388,1.0847873605792828,2.3750464306588075,7.784645644704636,6.450085216929793,20.54816200139316
215207000,5,0.92,16.202602857325687,29.73636560564464,,,,,,,25.47406900488585,23.81586303144403,,,,,,,0.23674633582898563,0.4801718585100069,,,,,,
215209000,0,4.58,5.55831652557106,26.14507269301794,0.7593273639967314,1.355978076422658,1.4786335668797554,1.5259192759885938,1.364928449443803,2.141573529835924,1.5522349244440006,1.0729734218488864,1.1874746022841027,1.6598412365624045,1.6300959130402675,2.117290190828673,1.7077965028400204,1.4981073318737568,15.315980486759376,50.22138977252708,0.3829186584017711,0.6420194033928324,0.6398242286367483,3.2230891555919103,4.727689269530978,21.96180901571496
215221000,0,3.42,2.4349520482105484,8.588348864635888,0.8104704757286452,1.1468877771172987,1.458136422604197,1.7350211206684956,1.9013796176975912,5.363334861253302,0.9557309206091715,1.3515758106519082,0.6422732958215379,0.8581324509116933,0.8454734356091598,1.1961568745709803,0.9103678690144866,1.403903602517289,4.45492752556501,17.505708104672895,0.4837569271008707,0.4618340530839993,0.6743197857665137,2.6421787418179363,3.199746699776398,13.648944750217517
215221000,1,4.42,5.694592205545323,16.72360291596335,0.6263659562472815,0.6592971069723786,0.974850283660215,0.691710482584758,2.160323157009,11.25633446965002,3.5539942507863804,14.109971547812927,0.6283045678346281,0.4418084778267631,0.61425985620598,0.5335127125386959,0.8193369280187147,3.4155753533787307,5.608188696222912,26.62498710881602,0.5624756166355809,0.896964173186033,1.6925241258668202,6.954931173537124,,
215221000,2,2.25,0.4653156591018504,0.6704388477267098,0.31406613595591054,0.48077446987247957,0.4489258587381042,0.6658769310617865,,,2.515183756111859,4.267946336245728,1.4944428583169151,2.20724389035857,2.3741118565563086,4.084035380340612,,,0.12823709908485792,0.16545306800728626,0.08965155662369281,0.15086130316058535,0.12516426088257118,0.16347091781659134,,
215221000,3,2.5,3.020791857132056,10.033384099299937,0.7540648571579767,1.7428134530984272,2.54955465118511,2.456643336535383,,,1.5448493074133294,4.983418622333832,0.628281496681127,1.1168332176900093,1.303360013872127,0.8968995144556635,,,3.5013514959837604,6.116430157658663,0.5611438060711531,1.2423165514829106,2.4302086171226827,9.078742813804245,,
215221000,4,4.42,15.566751024741059,43.08992937548608,3.653019607611279,6.388337219996597,3.932380929664755,7.536942517715708,7.878766879518431,23.05160790735635,21.60243836595698,57.04640593412946,1.5635042464179791,2.302083209574041,4.6083291250494876,15.428881505431269,11.418455831441744,33.53302108769163,25.18405381106363,65.06757229867328,0.6208262756863872,1.4155508423692618,5.117190936787132,19.28736436499325,13.286801229014635,39.330741140905275
215238000,0,1.0,4.656564111705626,8.605384131930741,,,,,,,4.743756608264838,7.5342136139544476,,,,,,,2.972034235879535,7.94209408204189,,,,,,
215378000,0,4.42,11.457188235472998,41.11915779354266,0.449593021302173,0.7015682257246317,0.821352158145379,2.141300322947357,3.5813428322510696,16.451227597130114,11.341268976400666,36.09365829367361,1.6325359006717715,2.7118021350408794,2.4814862709455987,2.9946313673584446,4.600691034420989,15.802454654368976,12.904991056814271,42.67283584271973,0.24418096266473927,0.44468431158368993,0.5509396196776062,2.9821215373903347,4.376375130098955,20.74138892087689
215378000,1,4.42,1.3888072288707864,5.884433122760137,0.6103368677004414,0.8491985508504067,0.7182068435726405,0.577450846107299,0.927047960208172,1.6499745529136551,6.268905621987378,18.745799416017494,1.1375498013820269,1.4141985424141705,1.4692121849505855,2.2448357944542288,2.8494874192392268,9.173224254798198,5.085520144642378,17.19271073868337,0.3939903530462768,0.61843002264538,0.6098254727672205,1.0869084564939515,1.8059109325988303,7.619873316136691
215378000,2,1.25,3.1793858987765256,5.35779991231427,2.854849351945468,5.078056859351955,,,,,197.9176982480827,328.68303213037166,177.68679275344238,331.5597426492685,,,,,0.07944228327335923,0.13562285416868464,0.06808428883747235,0.14845877069092825,,,,
215378000,3,4.42,8.042367436157438,18.42071143999505,1.554773419142313,0.714910614634094,1.5239114137909722,5.676646058571419,4.6295009153439075,12.790041784140712,1.707075503363758,6.093119555951655,0.9588791630631488,0.8798923650551521,0.7817953332973925,0.6386714266781195,0.8716128585194928,1.5186809310091758,4.183383153685249,10.759480441502873,4.183383153685249,10.759480441502873,,,,
215378000,4,4.42,0.5895135104491169,1.2142350004155718,0.21611146835835,0.41959485493166,0.35997330389676035,0.5782498198627875,0.4333133562334159,0.6462815796396414,0.4259483258893027,0.4562396244864295,0.2565897023882261,0.31110132513546573,0.3384144747485066,0.522326983650521,0.4009876416938119,0.5145064078664384,0.17572294751365702,0.21822888942141314,0.02169696382689879,0.06952515957908122,0.09351443585980089,0.2594132085970998,0.15230521272016032,0.25508539246008965
215378000,5,4.42,4.069930412002135,8.280824389017583,0.9837974545979622,1.709423775355926,1.8577191208267834,3.7802853832952916,2.8080076365523112,5.705526628677615,3.3991804174181675,6.7560062298380155,0.9268596453868985,0.6969799906280739,1.3696445395222445,3.235795135509498,2.309131457765032,5.105609738592274,2.7924256778885264,5.661421925064404,0.3269228808763001,0.7430265672689693,1.1655264626652817,2.9164396504255152,1.921347554996382,4.038624856049322
215382000,0,4.42,0.8044093899307574,1.8022739444161642,0.1846557391817676,0.34008939109370506,0.3390704178373884,0.6563633191039477,0.5197623974933859,1.0974820597436155,0.31954773793961966,0.28829133343018015,0.3335350751314335,0.3351648619343921,0.33539729004539154,0.33505607522226133,0.33014982413169297,0.3089681560002398,0.3303897276473391,0.6710176716009257,0.07193876641438345,0.13428279744759766,0.13838666463374177,0.2760270655332704,0.22403345781108633,0.48809633307620615
215382000,10,4.42,3.5644773487867263,15.484287872537918,0.8515864391933963,0.8680502109349976,1.0376308158136929,0.4266996686942783,1.577250671209322,4.80675692479098,11.878628134626215,34.42323172822102,1.0301814535856506,1.5845219642683805,2.3674091996199946,7.100935387871252,5.649288880973418,17.29544038242794,5.587100509175766,16.389669245068358,2.7215569170010574,5.474407871120293,4.621513279471107,5.551179865105561,4.2032913185420995,3.420242451349194
215382000,11,2.75,4.272292418645387,12.680170655193638,0.5335841593422147,0.9502185988951072,2.318563239914958,7.480064525089971,,,5.3664226613621,14.858878488381603,0.9137389170725873,1.8821767901102051,3.1032840781551614,8.463408286297286,,,3.8073900875601447,12.455385030380606,0.10714785969188424,0.25653731155593773,1.818202610227172,6.942381188962012,,
215382000,12,1.92,1.5044951678202054,4.180764665793958,0.49385832529848955,1.1410756142127627,,,,,0.9422172706069672,2.2885960169517863,0.6155884638341667,0.15264454541608907,,,,,0.8361782830996765,2.7964004771908657,0.16186929386278412,0.4211543745472755,,,,
215382000,13,1.67,4.340224180864945,5.865528211829233,3.5498551255968747,5.290324438326224,,,,,6.415321544183392,8.526187206599287,5.309805220257575,7.991159254554219,,,,,6.167418561872523,8.413559028674465,4.989055148787662,7.8827441955788915,,,,
215382000,14,4.33,0.0034565080584270896,0.0023414806759671967,0.00272437268444144,0.0006926204662016881,0.0027538182560547853,0.0011426141596328815,0.0038597732658193023,0.004977282181470094,0.0034565080587663803,0.0023414806772835577,0.002724372684610306,0.0006926204659745774,0.0027538182567295104,0.0011426141610095621,0.0038597732662214454,0.0049772821800624905,,,,,,,,
215382000,15,4.33,7.962395572815129,27.06677927381254,0.748094072791559,1.1350924599153323,1.476887571570053,1.1500560834548916,3.221588720646102,11.837192179125703,1.991308870826232,4.52402006720634,1.1307996057269465,1.7710237924613876,1.4989239527135636,1.90959528477316,1.3710516089045612,1.8110694287866231,15.136932500329575,43.724268852784896,0.406825144670154,0.7950195233927622,1.4166228320869747,7.462623429161755,6.645539708107736,25.83303131907772
215382000,16,2.5,6.302007220340156,14.058000316303067,1.5526745662865333,4.477441768162635,4.948822769097067,11.586528906104176,,,7.079569756268544,15.575594480615107,2.113225465051846,5.105036708658221,5.5608354601145,13.362274153147577,,,6.062179776946811,13.414276313310397,1.4617976797078382,4.37354544907375,4.771958675712415,11.165149206998672,,
215382000,17,0.92,2.2945064457125834,4.504111616294178,,,,,,,18.736626953604652,20.396039558187805,,,,,,,1.0022485699918173,2.5223814467124237,,,,,,
215382000,18,3.5,7.819771360998593,23.18039823783541,2.77274385454516,5.784600320587747,4.462450784001126,5.449920654038555,6.132917102679528,15.634155393327864,5.314303326070274,21.8520967314635,1.0076031901308802,2.716850167896697,2.106854950852404,3.1900763524468436,3.572986555295188,13.166738688747794,17.161183820809512,36.70949141082454,5.008875998735884,10.147981356364465,12.46413805675152,29.97783396130462,,
215382000,19,3.0,10.34763810006411,21.729386439733098,3.9423655999473883,5.897677179784044,6.730181963126402,13.835391754614434,,,7.079479337383524,17.386817598583363,1.3425347645651664,1.2660046950287507,3.6108814251190036,11.573943815792985,,,11.000755133695781,22.00694021925295,5.229428269617413,7.349423383745725,7.616218223553073,13.715043862951896,,
215382000,20,2.83,0.0034223233530883287,0.0055754219575095965,0.004307593898288092,0.007739804655363541,0.003592426206106411,0.001462593233312082,,,0.38133871092140326,0.37856618386020013,0.38107045239455173,0.3803686924830763,0.3814051181489677,0.38235871859195114,,,,,,,,,,
215382000,22,1.08,9.136911107885696,15.338921293029971,9.136911107885696,15.338921293029971,,,,,7.111806436301183,7.847619192396057,7.111806436301183,7.847619192396057,,,,,0.5566348376059993,1.707374997736124,0.5566348376059993,1.707374997736124,,,,
215382000,4,1.08,12.272544923846178,21.86616325845632,12.272544923846178,21.86616325845632,,,,,23.939518130049894,28.35797286829101,23.939518130049894,28.35797286829101,,,,,4.951438384010642,9.060682589786236,4.951438384010642,9.060682589786236,,,,
215382000,5,2.08,1.173400845864998,2.3758358171377476,0.6445022195483651,1.1870702560834765,1.173400845864998,2.3758358171377476,,,2.4665751451570235,4.0727201422930905,1.6091516217590884,2.23274396550012,2.4665751451570235,4.0727201422930905,,,0.4879009715212233,1.411893052535454,0.16109997325718858,0.4116099058103136,0.4879009715212233,1.411893052535454,,
215382000,6,4.08,15.26636484644163,47.03679007324121,1.1063298029367663,2.041019890209921,2.6122766750829713,9.325712640770389,7.901231055416415,27.233787288055858,3.8775310819416333,8.709246193995256,1.3502996163241923,1.9951778544825436,1.6656386933712026,3.5868836445181684,2.8565043089293667,6.649096383471957,4.8511541810165735,17.007860235275444,1.261834317354222,2.5459717452170123,3.937026654243557,14.206379717227723,,
215382000,7,2.5,1.909287410763695,6.320451341947556,0.4145020798004276,0.9037336518517021,1.2160748918441042,3.986067536626698,,,2.227610565068063,6.9785270173622544,0.4664175325275361,0.21295310910426127,1.4793595204235046,4.516723659646186,,,1.5223990729004286,5.425089978239693,0.23177250140613562,0.8324844588765647,0.8947602528542729,3.5336936321597423,,
215382000,8,4.42,2.097581744527852,2.701551332829858,0.9570886517109135,1.6068298782254775,1.4193580524913552,2.2319064631177947,1.8139076413584885,2.778840020757844,1.9560243278826068,1.488277308264524,0.641808003003412,0.7528710488306617,1.1026241034710451,2.2753759027820077,1.6569042910132594,3.393553870164591,0.8538282342111385,3.0988058550403395,0.176011979395752,0.2672364689911599,0.27318567886624945,0.5997976571769039,0.3807195465100561,0.9096272670037626
215382000,9,4.42,0.15785729118647057,0.286614173443066,0.05538735738766059,0.09832333674859571,0.09241662308429946,0.16119103018696238,0.12121911670320887,0.20057037022981952,0.14713663637850494,0.14763037128469567,0.14773090222798502,0.1510549887854089,0.14701936590756293,0.14755875217684816,0.14723654932649985,0.1476666172270728,0.05661410724281812,0.10754740934441079,0.015784717569000864,0.026518618709553642,0.02805098807655959,0.05379703121646303,0.04057431791368749,0.07718440634278156
215654000,0,1.33,0.9860053302918595,3.042411771900332,0.641443315628756,1.509029171014041,,,,,35.283737742439186,35.368527390755474,35.18298465321975,35.43878471300678,,,,,3.4530401785289717,8.303924911508465,2.5193005346777118,6.035058520443193,,,,
215654000,1,4.42,0.01120784943375179,0.012050133293212455,0.011013298906714965,0.011829336154916215,0.010866182669230132,0.009412268079670204,0.01138629979253584,0.011028325823451037,0.01120784943375179,0.012050133293212455,0.011013298906714965,0.011829336154916215,0.010866182669230132,0.009412268079670204,0.01138629979253584,0.011028325823451037,,,,,,,,
215654000,2,4.42,2.2459877043442384,7.250867865242875,1.165317143622466,1.8882530089250882,1.9686566914445824,3.1077209900855944,1.9409068596309378,0.7525067590083768,2.8832987982920235,10.568460881423343,0.4859129940385418,0.7695349675705417,0.6165700062818413,0.7548970677894609,1.095808425122427,3.793951741087511,6.269116959269451,16.382839348206627,2.7895652906232677,5.047838666458141,5.696437708275451,10.392073411665763,5.604582510001855,0.8625642870182453
215654000,3,4.42,3.179816989178492,6.306746521066686,1.0395939958150728,1.8999479252897764,1.8477878827325793,3.0773186774928982,2.4065466833169946,4.20409851989105,12.43110919438974,23.400134033221402,2.6944533637550885,5.136584924416599,5.240060666776684,10.06635226781605,8.24110238898825,18.92522625053263,6.951943019550453,12.870330352271337,1.5978581572517974,3.1172506878952357,3.3225298021287584,6.529874902671607,4.86599331043494,9.634213678570976
215698000,0,2.58,1.9154874854035238,5.031206397472977,0.5173957659184066,1.0619627614083738,1.34881493004405,3.540105553889905,,,0.9718968799217028,3.953091879130115,0.8821775926214992,0.14423611779810008,0.7182186068744397,0.9261638930938936,,,0.8425809571214414,4.873500301543388,0.4989504515519789,0.7292868773786363,0.49597435746150703,0.2581561088749161,,
215698000,10,4.42,7.510409546713542,26.180926242989838,0.7374096085814057,1.3980784926416114,1.2800214860751742,2.411640998190617,2.709742698796073,10.131488409038512,9.533687452153538,31.325926275816403,0.8181260759868294,1.5387896684635625,1.4636670946732766,2.705431596828589,3.5949268262504646,13.950137924769038,8.269733053174049,28.394869953851014,0.36253559299319377,0.9396840567442342,0.8419802116675358,1.811193778468318,2.7703127744491405,12.46836272237536
215698000,11,1.17,5.606640680413648,9.254936475186383,5.326002542354207,9.29712969817901,,,,,9.012674766689743,9.016129785896068,9.012408995981563,9.01968429442343,,,,,0.13855384693004114,0.4016992230052902,0.11831189492425274,0.34027385870346777,,,,
215698000,12,1.92,9.885014208557946,26.211656061682703,3.1215738445779477,9.781902080842471,,,,,10.440238219072956,26.95595580782406,3.603591268050418,10.392279787835573,,,,,,,,,,,,
215698000,13,2.92,0.6777990931637757,0.9255209629184364,0.3215068412148327,0.3463213946101276,0.5400911728692711,1.1153126879092696,,,1.371009379350858,2.2971339219986042,1.0152420008136782,1.147746917613635,1.1663725215606902,1.3944800379851872,,,0.41319680882070076,0.739430193935496,0.12065864258917326,0.20200080434888726,0.2999292182767269,0.7034036901335279,,
215698000,1,4.42,10.975717681475247,34.31318909651165,1.4869298220522826,2.5436752958815365,2.7463473279379804,3.816450255450516,4.805619602137214,15.600435522451518,38.68842848747939,92.44414391595227,0.6287121552104613,0.6270396406422902,6.17037207688588,27.302131460640606,20.03596215910459,66.41376891821731,13.435442209801378,36.50107231804053,1.604322844329553,5.006877322077414,3.5347012531348967,10.00631918879123,7.8436788560602295,24.408818637339785
215698000,3,4.33,2.594579290361451,4.553935594147708,0.8193022746301792,1.3290712655800403,1.3842620811911914,2.4054500851827907,1.9003838285076238,3.6524048382012135,1.1734870402240225,2.6928026792955366,0.6387865294890839,1.0583261023311512,0.6193231712593095,1.13336266140527,0.9582201581415116,3.2024325706848007,1.8386995225545808,6.717133441362638,0.19833323894974625,0.3437619029236784,0.47295789728722953,1.3027389974692387,0.9957203032455829,3.582563763725396
215698000,4,2.5,8.002634812488433,18.248076869510452,2.131244156375378,5.732301256460877,6.221713191478278,14.783902596316858,,,9.689177587666931,21.871800132276146,2.6008162279124583,6.499002342145094,7.520588829377805,18.132383716105096,,,9.840392953383178,22.139905678605412,2.7044336488217313,7.37120699752227,7.70530814485297,17.96776125323011,,
215698000,5,0.92,8.143092736498835,14.737941863915701,,,,,,,22.582824485917936,21.075000058972908,,,,,,,2.0775706411065538,4.067892872946041,,,,,,
215698000,6,2.0,1.3413813273055541,1.5479175471835167,0.9839862592383896,1.496273143396385,,,,,1.034356795750462,1.6848458473031065,1.0317098937255929,0.798147561205589,,,,,1.923755706902588,2.9444758118278633,1.3041305857742433,2.194194958961628,,,,
215698000,7,4.42,10.967976443790233,43.0183292052047,1.153598611769713,0.78416209247065,2.100609575603597,4.528450501419081,3.5917878874601654,13.132222779798507,26.194417218113113,88.9891095818401,1.2301569174022677,1.6785627474922158,1.8817499341278332,6.358120466172973,8.806919103720405,39.53964907164759,4.983114567779623,8.061746574429332,,,,,,
